Target, ra[rad], dec[rad], ra[h:m:s], dec[d:m:s], ObservationTimeAtGaia[UTC], CcdRow[1-7], zetaFieldAngle[rad], scanAngle[rad], Fov[FovP=preceding/FovF=following], parallaxFactorAlongScan, parallaxFactorAcrossScan, ObservationTimeAtBarycentre[BarycentricJulianDateInTCB]
009,0.7336898765885826,-0.5484432966450015,02:48:08.960,-31:25:24.550,2014-09-12T21:22:30.655,2,0.0020355205165823276,-2.27973653282602,FoVP,-0.42910866713819107,0.7214066757180251,2456913.3949536765
009,0.7336898765885826,-0.5484432966450015,02:48:08.960,-31:25:24.550,2014-09-12T23:09:04.857,5,-8.447327988094377E-4,-2.275284698798993,FoVF,-0.431171852233548,0.7197186514192141,2456913.4689637166
009,0.7336898765885826,-0.5484432966450015,02:48:08.960,-31:25:24.550,2014-10-19T06:38:42.402,7,-0.006883876879351747,-2.124440431815311,FoVP,0.06975057563849593,0.7077105746633615,2456949.7819903344
009,0.7336898765885826,-0.5484432966450015,02:48:08.960,-31:25:24.550,2014-10-19T12:38:57.030,7,-0.005814204726039884,-2.106165737604802,FoVP,0.06115937684963864,0.708395869068346,2456950.0321596484
009,0.7336898765885826,-0.5484432966450015,02:48:08.960,-31:25:24.550,2014-10-19T18:39:11.594,6,-0.004873198276690144,-2.0878815446684778,FoVP,0.05255740686812098,0.7089908283118005,2456950.282328155
009,0.7336898765885826,-0.5484432966450015,02:48:08.960,-31:25:24.550,2014-10-19T20:25:45.892,7,-0.004619472004566951,-2.08247077900045,FoVF,0.050010762255998674,0.7091494856033026,2456950.3563361974
009,0.7336898765885826,-0.5484432966450015,02:48:08.960,-31:25:24.550,2014-10-20T00:39:26.104,6,-0.004060813363558455,-2.069588731215136,FoVP,0.043945824381073806,0.7094952079546427,2456950.5324959476
009,0.7336898765885826,-0.5484432966450015,02:48:08.960,-31:25:24.550,2014-10-20T02:26:00.387,7,-0.003845133497331818,-2.0641755840569163,FoVF,0.04139656122180834,0.7096270253734083,2456950.6065037963
009,0.7336898765885826,-0.5484432966450015,02:48:08.960,-31:25:24.550,2014-10-20T06:39:40.567,5,-0.0033770353722561174,-2.051288178297248,FoVP,0.03532580851634476,0.7099087870776599,2456950.782663119
009,0.7336898765885826,-0.5484432966450015,02:48:08.960,-31:25:24.550,2014-10-20T08:26:14.838,6,-0.0031994032506565736,-2.045872910850111,FoVF,0.03277427919896279,0.710013703802954,2456950.856670802
009,0.7336898765885826,-0.5484432966450015,02:48:08.960,-31:25:24.550,2014-10-20T12:39:54.991,5,-0.002821879224416281,-2.032980769888312,FoVP,0.026698556425188955,0.7102313684633949,2456951.0328297624
009,0.7336898765885826,-0.5484432966450015,02:48:08.960,-31:25:24.550,2014-10-20T14:26:29.252,6,-0.0026823049209421697,-2.0275636442314613,FoVF,0.02414511820568194,0.710309330722454,2456951.106837307
009,0.7336898765885826,-0.5484432966450015,02:48:08.960,-31:25:24.550,2014-10-20T18:40:09.384,5,-0.002395389360875791,-2.0146673929533963,FoVP,0.018065280852962433,0.7104627787836657,2456951.2829959714
009,0.7336898765885826,-0.5484432966450015,02:48:08.960,-31:25:24.550,2014-10-20T20:26:43.637,6,-0.002293891678947875,-2.009248672063739,FoVF,0.015510295132353668,0.7105137399063675,2456951.357003405
009,0.7336898765885826,-0.5484432966450015,02:48:08.960,-31:25:24.550,2014-10-21T00:40:23.754,5,-0.0020976397259590894,-1.9963489375147139,FoVP,0.009427207719016737,0.7106028681753853,2456951.533161839
009,0.7336898765885826,-0.5484432966450015,02:48:08.960,-31:25:24.550,2014-10-21T02:26:58.003,6,-0.002034246194353183,-1.9909288852853937,FoVF,0.0068710393268851915,0.7106267886552321,2456951.6071691895
009,0.7336898765885826,-0.5484432966450015,02:48:08.960,-31:25:24.550,2014-10-21T08:27:12.355,6,-0.001903480619513031,-1.9726051779690619,FoVF,-0.0017714099837354209,0.710648360422779,2456951.8573347544
009,0.7336898765885826,-0.5484432966450015,02:48:08.960,-31:25:24.550,2014-10-21T12:40:52.459,4,-0.0018888043425443627,-1.9597003668584807,FoVP,-0.007858376774652485,0.7106086117591148,2456952.0334929256
009,0.7336898765885826,-0.5484432966450015,02:48:08.960,-31:25:24.550,2014-10-21T14:27:26.704,6,-0.001901736577961185,-1.954278447378963,FoVF,-0.010415806061053886,0.7105783613220598,2456952.1075001936
009,0.7336898765885826,-0.5484432966450015,02:48:08.960,-31:25:24.550,2014-10-21T18:41:06.810,5,-0.0019780138694613755,-1.9413720474984553,FoVP,-0.016503392860664306,0.7104740888935414,2456952.2836583327
009,0.7336898765885826,-0.5484432966450015,02:48:08.960,-31:25:24.550,2014-10-21T20:27:41.057,6,-0.002029185150785347,-1.9359495940232159,FoVF,-0.019060897201909448,0.7104167227825233,2456952.3576656017
009,0.7336898765885826,-0.5484432966450015,02:48:08.960,-31:25:24.550,2014-10-22T00:41:21.170,5,-0.002196554150624712,-1.9230422414550112,FoVP,-0.025148220985480273,0.7102478932240845,2456952.533823775
009,0.7336898765885826,-0.5484432966450015,02:48:08.960,-31:25:24.550,2014-10-22T02:27:55.421,6,-0.002286026866277438,-1.9176195217057395,FoVF,-0.027705429258243684,0.7101634011185931,2456952.607831072
009,0.7336898765885826,-0.5484432966450015,02:48:08.960,-31:25:24.550,2014-10-22T06:41:35.548,5,-0.002544646444601697,-1.9047118548832227,FoVP,-0.03379160680426219,0.7099299987012185,2456952.783989346
009,0.7336898765885826,-0.5484432966450015,02:48:08.960,-31:25:24.550,2014-10-22T08:28:09.806,6,-0.0026724916908923246,-1.8992891375766656,FoVF,-0.036348148180371305,0.709818377716962,2456952.8579967
009,0.7336898765885826,-0.5484432966450015,02:48:08.960,-31:25:24.550,2014-10-22T12:41:49.952,5,-0.003022541440991216,-1.8863817973199883,FoVP,-0.04243229787372287,0.7095204044777889,2456953.0341551416
009,0.7336898765885826,-0.5484432966450015,02:48:08.960,-31:25:24.550,2014-10-22T14:28:24.220,6,-0.003188839019564712,-1.8809593521831351,FoVF,-0.0449878025808499,0.7093816592228331,2456953.108162579
009,0.7336898765885826,-0.5484432966450015,02:48:08.960,-31:25:24.550,2014-10-22T18:42:04.391,5,-0.003630519252494491,-1.8680529817351759,FoVP,-0.05106904623074515,0.7090191350974203,2456953.284321255
009,0.7336898765885826,-0.5484432966450015,02:48:08.960,-31:25:24.550,2014-10-22T20:28:38.670,7,-0.0038353576682694174,-1.8626310795205663,FoVF,-0.053623146319721496,0.7088532777260668,2456953.3583288053
009,0.7336898765885826,-0.5484432966450015,02:48:08.960,-31:25:24.550,2014-10-23T00:42:18.871,6,-0.0043688894080933915,-1.8497263245840763,FoVP,-0.05970061099505361,0.7084262406771984,2456953.534487782
009,0.7336898765885826,-0.5484432966450015,02:48:08.960,-31:25:24.550,2014-10-23T02:28:53.165,7,-0.004612365867391074,-1.8443052370858084,FoVF,-0.062252941114072785,0.7082332909451182,2456953.6084954725
009,0.7336898765885826,-0.5484432966450015,02:48:08.960,-31:25:24.550,2014-10-23T06:42:33.403,6,-0.005237990846905807,-1.8314027458626019,FoVP,-0.06832576099329225,0.7077417970941187,2456953.784654817
009,0.7336898765885826,-0.5484432966450015,02:48:08.960,-31:25:24.550,2014-10-23T12:42:47.993,7,-0.006238191912284278,-1.8130831691656106,FoVP,-0.07694327740930061,0.706965906164021,2456954.0348224556
009,0.7336898765885826,-0.5484432966450015,02:48:08.960,-31:25:24.550,2014-12-16T12:27:20.574,7,-0.0060473783643025655,-1.5549320678324863,FoVP,0.5953962620241023,0.7002257934419753,2457008.022166185
009,0.7336898765885826,-0.5484432966450015,02:48:08.960,-31:25:24.550,2014-12-16T14:13:54.829,6,-0.0016779203073574382,-1.5515145181415202,FoVF,0.5939492248003587,0.7018536607948784,2457008.0961692524
009,0.7336898765885826,-0.5484432966450015,02:48:08.960,-31:25:24.550,2015-01-14T07:58:49.295,4,0.0016495701250190654,0.3181599862622264,FoVF,-0.7016871023877337,0.7003953744189768,2457036.833735412
009,0.7336898765885826,-0.5484432966450015,02:48:08.960,-31:25:24.550,2015-03-22T04:48:04.201,2,0.0025035548894379706,0.9546261756989028,FoVP,-0.3065772036186948,0.7065015106261001,2457103.6973371604
009,0.7336898765885826,-0.5484432966450015,02:48:08.960,-31:25:24.550,2015-03-22T06:34:38.430,5,-2.8194169689801335E-5,0.9498420866394813,FoVF,-0.3019766507083017,0.7081392551911173,2457103.7713420903
009,0.7336898765885826,-0.5484432966450015,02:48:08.960,-31:25:24.550,2015-03-22T10:48:18.332,7,-0.005874561378165463,0.9383625681562254,FoVP,-0.2909314775822352,0.7119475073681977,2457103.947492774
009,0.7336898765885826,-0.5484432966450015,02:48:08.960,-31:25:24.550,2015-03-29T16:53:51.015,6,-0.004659045140811002,0.42673896853638643,FoVP,0.2058614512695479,0.7126073347850379,2457111.2011440108
009,0.7336898765885826,-0.5484432966450015,02:48:08.960,-31:25:24.550,2015-03-29T18:40:25.166,6,-0.00230627108739359,0.42189002087409966,FoVF,0.21042845828524784,0.7110195307557229,2457111.275148676
009,0.7336898765885826,-0.5484432966450015,02:48:08.960,-31:25:24.550,2015-03-29T22:54:05.208,1,0.0034534900123374987,0.4104280402127336,FoVP,0.22120319584748913,0.7071424297029528,2457111.451302505
009,0.7336898765885826,-0.5484432966450015,02:48:08.960,-31:25:24.550,2015-03-30T00:40:39.495,1,0.00593944201727943,0.40564672125364,FoVF,0.22568931487898677,0.7054735071120444,2457111.525308759
009,0.7336898765885826,-0.5484432966450015,02:48:08.960,-31:25:24.550,2015-05-16T15:13:01.198,3,6.803013225323328E-4,2.245958311184026,FoVP,-0.34123812201356934,0.7236979543540588,2457159.131388687
009,0.7336898765885826,-0.5484432966450015,02:48:08.960,-31:25:24.550,2015-05-16T16:59:35.393,6,-0.0027369219415753483,2.241965778953804,FoVF,-0.33746554743086976,0.7258644421953537,2457159.2053980334
009,0.7336898765885826,-0.5484432966450015,02:48:08.960,-31:25:24.550,2015-05-28T21:19:38.836,7,-0.00556781435780219,1.4526631059619406,FoVP,0.4670779565432903,0.7257983918123255,2457171.386472177
009,0.7336898765885826,-0.5484432966450015,02:48:08.960,-31:25:24.550,2015-05-28T23:06:12.997,6,-0.00193987769498408,1.4488944662654883,FoVF,0.4709013945993236,0.723781789044547,2457171.460482008
009,0.7336898765885826,-0.5484432966450015,02:48:08.960,-31:25:24.550,2015-07-08T20:20:56.544,4,-0.0018079577089689697,-2.923947246118219,FoVP,-0.7142901137070682,0.728100451228546,2457212.348138122
009,0.7336898765885826,-0.5484432966450015,02:48:08.960,-31:25:24.550,2015-08-08T20:03:56.822,1,0.004587026204827697,2.197110876246702,FoVP,0.6840943373833508,0.7264910672469325,2457243.3384652254
009,0.7336898765885826,-0.5484432966450015,02:48:08.960,-31:25:24.550,2015-09-04T15:48:42.430,4,0.0015974214554405563,-2.3441600386541186,FoVF,-0.5077827747131964,0.7233849826203425,2457270.1627864623
009,0.7336898765885826,-0.5484432966450015,02:48:08.960,-31:25:24.550,2015-09-04T20:02:22.531,7,-0.006559565444088852,-2.3345911425631245,FoVP,-0.5121355804584794,0.7191928956650357,2457270.338953692
009,0.7336898765885826,-0.5484432966450015,02:48:08.960,-31:25:24.550,2015-11-01T13:51:15.410,6,-0.005056222455810786,-1.927205605447405,FoVP,0.15875972800289892,0.7075455125037307,2457328.0822954024
009,0.7336898765885826,-0.5484432966450015,02:48:08.960,-31:25:24.550,2015-11-01T15:37:49.703,7,-0.003985403724613276,-1.9218578995796507,FoVF,0.15624911227987415,0.7082775030928138,2457328.1563022435
009,0.7336898765885826,-0.5484432966450015,02:48:08.960,-31:25:24.550,2015-11-01T19:51:29.842,4,-0.0014815923588158682,-1.909119213328301,FoVP,0.1502526657259307,0.7099899689921177,2457328.3324584384
009,0.7336898765885826,-0.5484432966450015,02:48:08.960,-31:25:24.550,2015-11-01T21:38:04.070,5,-4.486839445822654E-4,-1.9037634400592285,FoVF,0.14772486175231458,0.7106967586643541,2457328.4064645004
009,0.7336898765885826,-0.5484432966450015,02:48:08.960,-31:25:24.550,2015-11-02T01:51:44.056,2,0.0019645170761362764,-1.8910057331207695,FoVP,0.14168759379472834,0.71234870786285,2457328.582618871
009,0.7336898765885826,-0.5484432966450015,02:48:08.960,-31:25:24.550,2015-11-02T03:38:18.220,3,0.0029591992361668725,-1.8856420476346911,FoVF,0.1391426851772999,0.7130298500459563,2457328.656624179
009,0.7336898765885826,-0.5484432966450015,02:48:08.960,-31:25:24.550,2015-11-02T09:38:32.162,1,0.0062371533684426345,-1.8674942700465946,FoVF,0.13050293377694727,0.7152752676797168,2457328.906781364
009,0.7336898765885826,-0.5484432966450015,02:48:08.960,-31:25:24.550,2015-11-13T03:47:21.593,2,0.003835929273196799,-1.0768140001473874,FoVF,-0.274494346177936,0.7115290920505295,2457339.662659
009,0.7336898765885826,-0.5484432966450015,02:48:08.960,-31:25:24.550,2015-11-13T08:01:01.504,3,0.0010786983814975366,-1.0640523934583337,FoVP,-0.2811516507253939,0.7096947323321225,2457339.8388101636
009,0.7336898765885826,-0.5484432966450015,02:48:08.960,-31:25:24.550,2015-11-13T09:47:35.705,5,-1.0972386896397205E-4,-1.0586972404058952,FoVF,-0.2839434199009771,0.7089076530482774,2457339.912814911
009,0.7336898765885826,-0.5484432966450015,02:48:08.960,-31:25:24.550,2015-11-13T14:01:15.792,5,-0.0030104161870712393,-1.0459658023691603,FoVP,-0.2905761451021871,0.70699535677834,2457340.0889680637
009,0.7336898765885826,-0.5484432966450015,02:48:08.960,-31:25:24.550,2015-11-13T15:47:50.068,7,-0.004259377859295962,-1.0406236952520218,FoVF,-0.29335732321561114,0.7061757492915955,2457340.162973666
009,0.7336898765885826,-0.5484432966450015,02:48:08.960,-31:25:24.550,2015-12-27T19:36:54.011,6,-0.004897940206261654,-1.4480563234255235,FoVP,0.6554864970864984,0.7030330198257845,2457384.319787064
009,0.7336898765885826,-0.5484432966450015,02:48:08.960,-31:25:24.550,2015-12-27T21:23:28.243,5,2.429357066571383E-6,-1.4454395816654393,FoVF,0.6544845436721213,0.704262059413463,2457384.3937893985
009,0.7336898765885826,-0.5484432966450015,02:48:08.960,-31:25:24.550,2016-01-28T02:56:32.116,1,0.005639625544412515,0.4814213607191212,FoVF,-0.6940548785151176,0.6996903775303518,2457415.622868158
009,0.7336898765885826,-0.5484432966450015,02:48:08.960,-31:25:24.550,2016-04-03T13:29:40.152,1,0.007036453423966664,1.0708324269888034,FoVF,-0.16956476774019202,0.7053425375954342,2457482.059262795
009,0.7336898765885826,-0.5484432966450015,02:48:08.960,-31:25:24.550,2016-04-03T17:43:20.400,1,0.0037628488253194114,1.058471382485844,FoVP,-0.15781281836741598,0.7076410366428474,2457482.2354201823
009,0.7336898765885826,-0.5484432966450015,02:48:08.960,-31:25:24.550,2016-04-03T19:29:54.665,3,0.0024687689768909814,1.0532578398392785,FoVF,-0.15285212190757191,0.7085533672604436,2457482.3094266774
009,0.7336898765885826,-0.5484432966450015,02:48:08.960,-31:25:24.550,2016-04-03T23:43:34.728,4,-4.1695157976738594E-4,1.0408027491007963,FoVP,-0.14099172179554403,0.7105959613703487,2457482.48558197
009,0.7336898765885826,-0.5484432966450015,02:48:08.960,-31:25:24.550,2016-04-04T01:30:08.919,6,-0.0015471972995436207,1.0355521269452659,FoVF,-0.1359879949885372,0.7113992540789297,2457482.5595876356
009,0.7336898765885826,-0.5484432966450015,02:48:08.960,-31:25:24.550,2016-04-04T05:43:48.818,6,-0.004041038122897414,1.0230146617144291,FoVP,-0.12403147995642322,0.7131789034049745,2457482.7357410775
009,0.7336898765885826,-0.5484432966450015,02:48:08.960,-31:25:24.550,2016-04-06T23:46:17.819,7,-0.006518675145185572,0.824486496191296,FoVP,0.0657886301147774,0.71544311614378,2457485.4874269795
009,0.7336898765885826,-0.5484432966450015,02:48:08.960,-31:25:24.550,2016-04-07T05:46:31.742,5,-0.003369511622771111,0.8066397928287471,FoVP,0.08277077953999235,0.7132551418632908,2457485.737585068
009,0.7336898765885826,-0.5484432966450015,02:48:08.960,-31:25:24.550,2016-04-07T07:33:05.900,6,-0.002333326531502597,0.801379987391063,FoVF,0.08776940654990366,0.7125345602298708,2457485.811590635
009,0.7336898765885826,-0.5484432966450015,02:48:08.960,-31:25:24.550,2016-04-07T11:46:45.876,3,3.234940897398164E-4,0.7889002989561701,FoVP,0.09961688105811635,0.7106866574324637,2457485.9877456706
009,0.7336898765885826,-0.5484432966450015,02:48:08.960,-31:25:24.550,2016-04-07T13:33:20.102,4,0.0015191885607146608,0.7836751907946901,FoVF,0.10457182421125195,0.7098551319454706,2457486.0617520493
009,0.7336898765885826,-0.5484432966450015,02:48:08.960,-31:25:24.550,2016-04-07T17:47:00.250,1,0.004552972090241944,0.7712834176486267,FoVP,0.11630933074749322,0.7077463912449466,2457486.237909136
009,0.7336898765885826,-0.5484432966450015,02:48:08.960,-31:25:24.550,2016-04-07T19:33:34.553,1,0.005905846803626458,0.7660974389569606,FoVF,0.12121565170762866,0.7068067105816748,2457486.311916425
009,0.7336898765885826,-0.5484432966450015,02:48:08.960,-31:25:24.550,2016-05-25T22:11:11.009,2,0.00211952784505799,2.5390931236185112,FoVP,-0.4461048433106903,0.7227385428104011,2457534.4221844175
009,0.7336898765885826,-0.5484432966450015,02:48:08.960,-31:25:24.550,2016-05-25T23:57:45.219,6,-0.001989211419956773,2.5358491679287805,FoVF,-0.4430459489061592,0.7250706021376312,2457534.4961946616
009,0.7336898765885826,-0.5484432966450015,02:48:08.960,-31:25:24.550,2016-06-11T04:16:06.373,4,-0.001330593613708036,1.5582064033490444,FoVP,0.5855250917343289,0.7238018155129557,2457550.676413926
009,0.7336898765885826,-0.5484432966450015,02:48:08.960,-31:25:24.550,2016-06-11T06:02:40.591,3,0.003153313340646934,1.555551383934974,FoVF,0.5884205384088271,0.7218917054465692,2457550.7504252377
009,0.7336898765885826,-0.5484432966450015,02:48:08.960,-31:25:24.550,2016-07-19T09:28:50.610,1,0.003459167749263693,-2.7819837905644644,FoVP,-0.7244960539384449,0.7260225611633111,2457588.896083161
009,0.7336898765885826,-0.5484432966450015,02:48:08.960,-31:25:24.550,2016-07-19T11:15:24.816,6,-0.0016643958415632357,-2.7810803059275537,FoVF,-0.7245109922254548,0.7259926483342766,2457588.97009534
009,0.7336898765885826,-0.5484432966450015,02:48:08.960,-31:25:24.550,2016-08-23T10:53:05.053,7,-0.004171819828683058,2.4600383335199014,FoVF,0.6025491740482061,0.7192077312179387,2457623.956888813
009,0.7336898765885826,-0.5484432966450015,02:48:08.960,-31:25:24.550,2016-08-23T15:06:45.071,1,0.004296039742954289,2.4692447546092966,FoVP,0.5972016272302682,0.7226227065841089,2457624.1330566155
009,0.7336898765885826,-0.5484432966450015,02:48:08.960,-31:25:24.550,2016-09-15T10:59:27.670,1,0.006511123473134861,-2.2639786569857567,FoVF,-0.38750253243514543,0.7249372278354151,2457646.9624412362
009,0.7336898765885826,-0.5484432966450015,02:48:08.960,-31:25:24.550,2016-09-15T15:13:07.563,3,1.9093691179698007E-4,-2.25302243882465,FoVP,-0.39263241253286824,0.7211390935659816,2457647.1386041697
009,0.7336898765885826,-0.5484432966450015,02:48:08.960,-31:25:24.550,2016-09-15T16:59:41.791,6,-0.002481095090195326,-2.2484288080981827,FoVF,-0.39477360201746764,0.7195374769214855,2457647.2126142643
009,0.7336898765885826,-0.5484432966450015,02:48:08.960,-31:25:24.550,2016-11-12T09:02:18.697,6,-0.0038950536620307743,-1.8323927839778427,FoVP,0.28949434367450794,0.7075244826844816,2457704.881387264
009,0.7336898765885826,-0.5484432966450015,02:48:08.960,-31:25:24.550,2016-11-12T10:48:52.958,6,-0.0018927490181163983,-1.8272863042741099,FoVF,0.287104846931689,0.7088228109205873,2457704.955392726
009,0.7336898765885826,-0.5484432966450015,02:48:08.960,-31:25:24.550,2016-11-12T15:02:32.958,2,0.0028292803695643006,-1.8151136492662423,FoVP,0.28138408767931805,0.7118895504161566,2457705.131544918
009,0.7336898765885826,-0.5484432966450015,02:48:08.960,-31:25:24.550,2016-11-12T16:49:07.101,2,0.00479448209985974,-1.8099921908202252,FoVF,0.27896665146862365,0.7131678583643115,2457705.2055489933
009,0.7336898765885826,-0.5484432966450015,02:48:08.960,-31:25:24.550,2016-11-30T15:12:19.722,2,0.003196851022816709,-0.5086041973729122,FoVP,-0.470200873471103,0.7091178188838847,2457723.1376263094
009,0.7336898765885826,-0.5484432966450015,02:48:08.960,-31:25:24.550,2016-11-30T16:58:53.899,4,5.921145050208336E-4,-0.5037317881794439,FoVF,-0.47295704038085024,0.7077263618634927,2457723.211629402
009,0.7336898765885826,-0.5484432966450015,02:48:08.960,-31:25:24.550,2016-11-30T21:12:34.020,7,-0.005708021768908978,-0.49218742710449764,FoVP,-0.47948029799363384,0.7043946360406177,2457723.3877796317
009,0.7336898765885826,-0.5484432966450015,02:48:08.960,-31:25:24.550,2017-01-07T02:45:56.770,1,0.004705002705385874,-1.328705489269659,FoVP,0.6907708742605846,0.7071044809087214,2457760.6169923358
009,0.7336898765885826,-0.5484432966450015,02:48:08.960,-31:25:24.550,2017-02-09T21:29:25.340,5,-0.0029027988139220928,0.6180953053294405,FoVP,-0.6445540838490476,0.7029386263334209,2457794.394794859
009,0.7336898765885826,-0.5484432966450015,02:48:08.960,-31:25:24.550,2017-04-16T09:46:41.825,1,0.006403312990531156,1.228884803818187,FoVF,-0.06666606931775275,0.708164812610968,2457859.9043275784
009,0.7336898765885826,-0.5484432966450015,02:48:08.960,-31:25:24.550,2017-04-16T15:46:56.387,2,0.004465396645790072,1.2109601338232245,FoVF,-0.04964510348563783,0.7096060686841441,2457860.1544958483
009,0.7336898765885826,-0.5484432966450015,02:48:08.960,-31:25:24.550,2017-04-16T20:00:36.577,1,0.003434296192417862,1.1983079585509162,FoVP,-0.03762024129045009,0.710384656394225,2457860.330655321
009,0.7336898765885826,-0.5484432966450015,02:48:08.960,-31:25:24.550,2017-04-16T21:47:10.846,3,0.00308357872741806,1.1929867768788482,FoVF,-0.03256072963789097,0.710653131024188,2457860.404663017
009,0.7336898765885826,-0.5484432966450015,02:48:08.960,-31:25:24.550,2017-04-17T02:00:50.986,2,0.002445440490806967,1.1803105628570658,FoVP,-0.020503660361216782,0.7111520635520938,2457860.5808219495
009,0.7336898765885826,-0.5484432966450015,02:48:08.960,-31:25:24.550,2017-04-17T03:47:25.238,3,0.002260060021679217,1.174981826153707,FoVF,-0.015433732651942866,0.7113026720265273,2457860.6548294765
009,0.7336898765885826,-0.5484432966450015,02:48:08.960,-31:25:24.550,2017-04-17T08:01:05.350,2,0.0020158667678433022,1.1622937108278653,FoVP,-0.0033593519663669895,0.7115204262202429,2457860.8309881473
009,0.7336898765885826,-0.5484432966450015,02:48:08.960,-31:25:24.550,2017-04-17T09:47:39.597,3,0.0019960953518615683,1.1569625349008705,FoVF,0.0017146904628175504,0.7115527332003745,2457860.904995624
009,0.7336898765885826,-0.5484432966450015,02:48:08.960,-31:25:24.550,2017-04-17T14:01:19.706,2,0.002146158175956578,1.1442747180044608,FoVP,0.013791322833322447,0.711488762756272,2457861.081154315
009,0.7336898765885826,-0.5484432966450015,02:48:08.960,-31:25:24.550,2017-04-17T15:47:53.956,3,0.0022919849399681263,1.138946232267156,FoVF,0.018863141266375453,0.7114027450668114,2457861.155161859
009,0.7336898765885826,-0.5484432966450015,02:48:08.960,-31:25:24.550,2017-04-17T20:01:34.087,2,0.002835940966081367,1.1262709159004962,FoVP,0.030926952112764926,0.711057486142934,2457861.3313208516
009,0.7336898765885826,-0.5484432966450015,02:48:08.960,-31:25:24.550,2017-04-17T21:48:08.351,3,0.003147072078935842,1.1209502381477123,FoVF,0.0359902338962975,0.7108535330402463,2457861.405328581
009,0.7336898765885826,-0.5484432966450015,02:48:08.960,-31:25:24.550,2017-04-18T02:01:48.527,1,0.0040838866292188985,1.1082995668346154,FoVP,0.04802628730666997,0.7102284000885281,2457861.5814881544
009,0.7336898765885826,-0.5484432966450015,02:48:08.960,-31:25:24.550,2017-04-18T03:48:22.816,2,0.004559747149312177,1.1029917781685903,FoVF,0.0530748088264033,0.7099073093522243,2457861.655496186
009,0.7336898765885826,-0.5484432966450015,02:48:08.960,-31:25:24.550,2017-04-18T09:48:37.384,1,0.0065274579244991955,1.0850878998732305,FoVF,0.07009614245468661,0.7085676501164694,2457861.905665064
009,0.7336898765885826,-0.5484432966450015,02:48:08.960,-31:25:24.550,2017-06-05T12:34:28.916,2,0.003156151052444837,2.792291446731208,FoVP,-0.539147588840559,0.7207040361347585,2457910.022204431
009,0.7336898765885826,-0.5484432966450015,02:48:08.960,-31:25:24.550,2017-06-05T14:21:03.132,5,-0.0014467766136806112,2.78983304962854,FoVF,-0.536781553570433,0.7229230508364036,2457910.096215401
009,0.7336898765885826,-0.5484432966450015,02:48:08.960,-31:25:24.550,2017-06-25T12:35:32.229,4,-0.0017959807621727739,1.6807653458014329,FoVP,0.666937067181802,0.7234926188895661,2457930.024108795
009,0.7336898765885826,-0.5484432966450015,02:48:08.960,-31:25:24.550,2017-06-25T14:22:06.442,3,0.0032106834182417964,1.6793613730005506,FoVF,0.668793843695548,0.7221018219873087,2457930.098120649
009,0.7336898765885826,-0.5484432966450015,02:48:08.960,-31:25:24.550,2017-07-31T06:00:21.149,5,-0.0023378109071377834,-2.6541557658015638,FoVP,-0.7072782419066299,0.723513371703576,2457965.7521192813
009,0.7336898765885826,-0.5484432966450015,02:48:08.960,-31:25:24.550,2017-09-09T11:35:46.064,3,-1.0914890185615705E-4,2.845264319039205,FoVP,0.46355477669314066,0.7150488611157908,2458005.9874146106
009,0.7336898765885826,-0.5484432966450015,02:48:08.960,-31:25:24.550,2017-09-09T13:22:20.256,3,0.0022111702434500064,2.850025422443069,FoVF,0.46084770487176396,0.7163380562532564,2458006.0614247574
009,0.7336898765885826,-0.5484432966450015,02:48:08.960,-31:25:24.550,2017-09-27T07:32:56.576,1,0.0055241872619704434,-2.1836509275549307,FoVF,-0.2532330325444143,0.7222871710499725,2458023.8194200667
009,0.7336898765885826,-0.5484432966450015,02:48:08.960,-31:25:24.550,2017-09-27T11:46:36.455,3,0.001255834829938817,-2.17165775857745,FoVP,-0.25892781979874585,0.7194876363036633,2458023.9955806434
009,0.7336898765885826,-0.5484432966450015,02:48:08.960,-31:25:24.550,2017-09-27T13:33:10.659,5,-5.554318852651916E-4,-2.166625246538727,FoVF,-0.26130757310803604,0.7183013020029394,2458024.069589534
009,0.7336898765885826,-0.5484432966450015,02:48:08.960,-31:25:24.550,2017-09-27T17:46:50.790,6,-0.004909426769742371,-2.154660778478517,FoVP,-0.2669420778175197,0.715453633946053,2458024.2457529814
009,0.7336898765885826,-0.5484432966450015,02:48:08.960,-31:25:24.550,2017-11-23T23:35:32.112,5,-0.003280469637995203,-1.7425355416746269,FoVP,0.41133504854713954,0.7072540920883071,2458081.4874045546
009,0.7336898765885826,-0.5484432966450015,02:48:08.960,-31:25:24.550,2017-11-24T01:22:06.351,5,-3.912403998168669E-4,-1.737842044054179,FoVF,0.4091657818756703,0.7089327828320368,2458081.561408863
009,0.7336898765885826,-0.5484432966450015,02:48:08.960,-31:25:24.550,2017-12-16T17:40:11.400,6,-0.003929700337784357,-0.13714211197073745,FoVP,-0.6024437460911264,0.7049829127535253,2458104.239449917
009,0.7336898765885826,-0.5484432966450015,02:48:08.960,-31:25:24.550,2018-01-18T01:02:59.535,6,-0.0028465661060818955,-1.2022755671890526,FoVF,0.7030072804823351,0.7087914257791831,2458136.544733115
009,0.7336898765885826,-0.5484432966450015,02:48:08.960,-31:25:24.550,2018-02-23T10:25:32.183,4,-7.142250043987377E-4,0.7394829195232275,FoVP,-0.5620693410993984,0.7053962265385484,2458172.93293844
009,0.7336898765885826,-0.5484432966450015,02:48:08.960,-31:25:24.550,2018-03-10T10:30:09.157,3,2.093219740659107E-4,-0.218193304299418,FoVP,0.42129107415794165,0.7124483517278598,2458187.9353761584
009,0.7336898765885826,-0.5484432966450015,02:48:08.960,-31:25:24.550,2018-03-10T12:16:43.394,2,0.004408948329468449,-0.22166266642468851,FoVF,0.4245259310799404,0.7100945370893872,2458188.0093802665
009,0.7336898765885826,-0.5484432966450015,02:48:08.960,-31:25:24.550,2018-04-26T20:52:43.513,1,0.0041582237153820175,1.5598933796759795,FoVP,-0.1321610015294017,0.7115313599781131,2458235.366898375
009,0.7336898765885826,-0.5484432966450015,02:48:08.960,-31:25:24.550,2018-04-26T22:39:17.783,3,0.0027144157160568397,1.5547891127997124,FoVF,-0.12731842365378576,0.7125769037984662,2458235.4409069465
009,0.7336898765885826,-0.5484432966450015,02:48:08.960,-31:25:24.550,2018-04-27T02:52:57.848,4,-5.413523211559657E-4,1.5425909936035929,FoVP,-0.11572889980085345,0.7149422168778232,2458235.617067077
009,0.7336898765885826,-0.5484432966450015,02:48:08.960,-31:25:24.550,2018-04-27T04:39:32.036,6,-0.0018326373273207244,1.537446835289762,FoVF,-0.11083447297528758,0.7158834431953179,2458235.6910747294
009,0.7336898765885826,-0.5484432966450015,02:48:08.960,-31:25:24.550,2018-04-27T08:53:11.916,6,-0.00472254595624027,1.5251586919613245,FoVP,-0.09912685638678038,0.7179969468858465,2458235.867232781
009,0.7336898765885826,-0.5484432966450015,02:48:08.960,-31:25:24.550,2018-04-30T20:56:18.768,7,-0.006080373309446919,1.2763601649443685,FoVP,0.14041452415449482,0.7202614092966533,2458239.3694433817
009,0.7336898765885826,-0.5484432966450015,02:48:08.960,-31:25:24.550,2018-04-30T22:42:52.880,7,-0.0049436073479646745,1.2711901144176139,FoVF,0.14539167557399613,0.7194909650299731,2458239.44345047
009,0.7336898765885826,-0.5484432966450015,02:48:08.960,-31:25:24.550,2018-05-01T02:56:32.751,5,-0.0020479696735820696,1.2589282773062178,FoVP,0.1571888979222963,0.7175299100023755,2458239.6196091985
009,0.7336898765885826,-0.5484432966450015,02:48:08.960,-31:25:24.550,2018-05-01T04:43:06.936,5,-7.520893466735846E-4,1.2537964977208635,FoVF,0.16212312130164247,0.716653242606309,2458239.693617157
009,0.7336898765885826,-0.5484432966450015,02:48:08.960,-31:25:24.550,2018-05-01T08:56:46.992,2,0.0025201373422755217,1.2416313001205517,FoVP,0.17381233060219253,0.7144429736325956,2458239.869778072
009,0.7336898765885826,-0.5484432966450015,02:48:08.960,-31:25:24.550,2018-05-01T10:43:21.259,2,0.003973274650579353,1.236542416239179,FoVF,0.17869881850763808,0.7134631979390061,2458239.9437869964
009,0.7336898765885826,-0.5484432966450015,02:48:08.960,-31:25:24.550,2018-06-16T09:24:06.308,1,0.0063029845075348225,3.0106599827088503,FoVF,-0.6175091396599516,0.7175059067576524,2458285.8905878053
009,0.7336898765885826,-0.5484432966450015,02:48:08.960,-31:25:24.550,2018-06-16T13:37:46.333,7,-0.005449180619901196,3.006730273625176,FoVP,-0.6134223979948754,0.7219644204317534,2458286.0667559444
009,0.7336898765885826,-0.5484432966450015,02:48:08.960,-31:25:24.550,2018-07-10T01:33:15.863,4,-0.00181048551903236,1.820936398053974,FoVP,0.7119334274142451,0.7220825998883216,2458309.5651527187
009,0.7336898765885826,-0.5484432966450015,02:48:08.960,-31:25:24.550,2018-07-10T03:19:50.072,3,0.0033875218574445564,1.8208980719923176,FoVF,0.7126709195960622,0.7214938288758257,2458309.639164882
009,0.7336898765885826,-0.5484432966450015,02:48:08.960,-31:25:24.550,2018-08-12T01:09:58.016,2,0.0023563552102575636,-2.542773858733387,FoVP,-0.6616371332320207,0.7222542043012208,2458342.5512357247
009,0.7336898765885826,-0.5484432966450015,02:48:08.960,-31:25:24.550,2018-08-12T02:56:32.224,6,-0.002195181338507123,-2.5401951904042583,FoVF,-0.6626437955915615,0.7209999974942586,2458342.6252475493
009,0.7336898765885826,-0.5484432966450015,02:48:08.960,-31:25:24.550,2018-09-28T12:48:24.563,7,-0.005424071147946589,-2.8699157417681898,FoVP,0.27632847510509223,0.7074221739563145,2458390.0385196595
009,0.7336898765885826,-0.5484432966450015,02:48:08.960,-31:25:24.550,2018-09-28T14:34:58.861,7,-0.0043611646700516616,-2.8646712607347347,FoVF,0.2736363260245904,0.7081510663565744,2458390.1125295735
009,0.7336898765885826,-0.5484432966450015,02:48:08.960,-31:25:24.550,2018-09-28T18:48:39.015,4,-0.0018952677713898775,-2.8521743447802566,FoVP,0.26721797290476895,0.7098498944394741,2458390.2886931133
009,0.7336898765885826,-0.5484432966450015,02:48:08.960,-31:25:24.550,2018-09-28T20:35:13.250,5,-8.861411648218776E-4,-2.8469185865739095,FoVF,0.2645172880684907,0.7105483515637646,2458390.362702275
009,0.7336898765885826,-0.5484432966450015,02:48:08.960,-31:25:24.550,2018-09-29T00:48:53.258,3,0.0014522740146253876,-2.834395530422916,FoVP,0.2580791888813147,0.7121743684600774,2458390.538864067
009,0.7336898765885826,-0.5484432966450015,02:48:08.960,-31:25:24.550,2018-09-29T02:35:27.432,3,0.002408065850884747,-2.8291290836671807,FoVF,0.2553704548526574,0.7128420879166509,2458390.6128725125
009,0.7336898765885826,-0.5484432966450015,02:48:08.960,-31:25:24.550,2018-09-29T06:49:07.300,1,0.004620059653502426,-2.816581278626282,FoVP,0.24891380234070956,0.7143946051140322,2458390.7890326395
009,0.7336898765885826,-0.5484432966450015,02:48:08.960,-31:25:24.550,2018-09-29T08:35:41.418,1,0.005522962484772036,-2.811304723703049,FoVF,0.24619753422658677,0.715031310735569,2458390.863040403
009,0.7336898765885826,-0.5484432966450015,02:48:08.960,-31:25:24.550,2018-10-08T20:43:46.378,2,0.005338156975504428,-2.124497694814213,FoVF,-0.10103706402613388,0.7191482916831461,2458400.368828221
009,0.7336898765885826,-0.5484432966450015,02:48:08.960,-31:25:24.550,2018-10-09T00:57:26.208,1,0.003392018640189305,-2.111833507166841,FoVP,-0.10709511989451602,0.7178559530579459,2458400.5449858857
009,0.7336898765885826,-0.5484432966450015,02:48:08.960,-31:25:24.550,2018-10-09T02:44:00.363,3,0.0025554705670893553,-2.106515603757948,FoVF,-0.10963337965349591,0.7172999421623671,2458400.6189932367
009,0.7336898765885826,-0.5484432966450015,02:48:08.960,-31:25:24.550,2018-10-09T06:57:40.315,3,5.19340755557975E-4,-2.093863704885493,FoVP,-0.11565873579070166,0.7159455951220763,2458400.795152275
009,0.7336898765885826,-0.5484432966450015,02:48:08.960,-31:25:24.550,2018-10-09T08:44:14.523,5,-3.5488879277197294E-4,-2.088551058985672,FoVF,-0.11818316095297032,0.7153637086086415,2458400.869160216
009,0.7336898765885826,-0.5484432966450015,02:48:08.960,-31:25:24.550,2018-10-09T12:57:54.604,5,-0.0024804197658057007,-2.075911893730012,FoVP,-0.12417537383789419,0.713948187677883,2458401.0453206887
009,0.7336898765885826,-0.5484432966450015,02:48:08.960,-31:25:24.550,2018-10-09T14:44:28.867,7,-0.003392087852106748,-2.0706046877833004,FoVF,-0.12668579125391238,0.7133407783722697,2458401.1193292453
009,0.7336898765885826,-0.5484432966450015,02:48:08.960,-31:25:24.550,2018-10-09T18:58:09.082,7,-0.005606452820436243,-2.0579786803525293,FoVP,-0.13264448043967467,0.7118649298517904,2458401.2954912134
009,0.7336898765885826,-0.5484432966450015,02:48:08.960,-31:25:24.550,2018-12-05T12:46:01.136,3,-6.377918216575681E-6,-1.6468556727388075,FoVP,0.5152291556026135,0.7081329477844844,2458458.0358184646
009,0.7336898765885826,-0.5484432966450015,02:48:08.960,-31:25:24.550,2018-12-31T08:28:05.118,1,0.006652903897770246,0.11474972855532814,FoVF,-0.6746613499212432,0.7079198168613163,2458483.8551031686
009,0.7336898765885826,-0.5484432966450015,02:48:08.960,-31:25:24.550,2018-12-31T12:41:45.117,6,-0.004926057984742445,0.12114004215791725,FoVP,-0.6778577345602442,0.705472625178032,2458484.0312484065
009,0.7336898765885826,-0.5484432966450015,02:48:08.960,-31:25:24.550,2019-03-08T23:21:15.263,3,-6.06920303410727E-5,0.8490363876486365,FoVP,-0.4481785095750085,0.7089280102792032,2458551.470936756
009,0.7336898765885826,-0.5484432966450015,02:48:08.960,-31:25:24.550,2019-03-09T01:07:49.446,7,-0.0037177337172762705,0.8449927120096321,FoVF,-0.4441825941153919,0.7109994626527283,2458551.5449401117
009,0.7336898765885826,-0.5484432966450015,02:48:08.960,-31:25:24.550,2019-03-20T05:27:31.421,7,-0.006357024831485784,0.0877447245459797,FoVP,0.3127822188240474,0.7189007526612057,2458562.72483935
009,0.7336898765885826,-0.5484432966450015,02:48:08.960,-31:25:24.550,2019-03-20T07:14:05.563,6,-0.0029836467899053633,0.08350387675314705,FoVF,0.3167598883414507,0.7167889406423965,2458562.7988430993
009,0.7336898765885826,-0.5484432966450015,02:48:08.960,-31:25:24.550,2019-05-06T17:32:28.005,1,0.005438437598001694,1.9229227707537275,FoVF,-0.24617244668654706,0.711375887087508,2458610.2279848685
009,0.7336898765885826,-0.5484432966450015,02:48:08.960,-31:25:24.550,2019-05-06T21:46:08.116,4,-6.164586337327086E-4,1.9119130204167192,FoVP,-0.2358002238373734,0.7155632735261359,2458610.4041474676
009,0.7336898765885826,-0.5484432966450015,02:48:08.960,-31:25:24.550,2019-05-06T23:32:42.295,6,-0.0030981611166497887,1.907254384423195,FoVF,-0.2314021898475827,0.7172858474538225,2458610.4781558323
009,0.7336898765885826,-0.5484432966450015,02:48:08.960,-31:25:24.550,2019-05-15T03:52:19.522,4,-0.0018915985426458946,1.3484636401162153,FoVP,0.3184258140413199,0.7207266818014905,2458618.658668266
009,0.7336898765885826,-0.5484432966450015,02:48:08.960,-31:25:24.550,2019-05-15T05:38:53.722,4,7.01657632063264E-4,1.3438887873107719,FoVF,0.32290925561447203,0.7191017720852356,2458618.732677539
009,0.7336898765885826,-0.5484432966450015,02:48:08.960,-31:25:24.550,2019-06-27T14:42:45.884,1,0.004297606870674905,-3.086125068063548,FoVP,-0.6751014271046293,0.7167619621245684,2458662.1125575975
009,0.7336898765885826,-0.5484432966450015,02:48:08.960,-31:25:24.550,2019-06-27T16:29:20.098,5,-8.376202590683582E-4,-3.086936659521552,FoVF,-0.6739927256406333,0.7181015751991837,2458662.186569522
009,0.7336898765885826,-0.5484432966450015,02:48:08.960,-31:25:24.550,2019-08-02T00:36:11.087,3,0.0024611315570228502,2.095883494917996,FoVF,0.7014781729813315,0.7188389879421176,2458697.527089472
009,0.7336898765885826,-0.5484432966450015,02:48:08.960,-31:25:24.550,2019-09-12T01:08:54.827,4,-0.0013835947472597718,-2.2837235373564515,FoVP,-0.4309173370650433,0.7167902899572429,2458738.552188889
009,0.7336898765885826,-0.5484432966450015,02:48:08.960,-31:25:24.550,2019-09-12T02:55:29.042,3,0.0021167818157594455,-2.2877060057685688,FoVF,-0.42692333673068494,0.718731800378133,2458738.6261991365
009,0.7336898765885826,-0.5484432966450015,02:48:08.960,-31:25:24.550,2019-09-23T09:10:16.615,3,0.003162626961202499,-3.0355916281990285,FoVF,0.3222862081441275,0.7107437561265393,2458749.8868849613
009,0.7336898765885826,-0.5484432966450015,02:48:08.960,-31:25:24.550,2019-09-23T13:23:56.610,6,-0.004713520842667947,-3.0455521286968605,FoVP,0.3315425225031553,0.7055883815628862,2458750.0630477094
009,0.7336898765885826,-0.5484432966450015,02:48:08.960,-31:25:24.550,2019-11-09T10:35:06.280,3,4.895771230991486E-5,-1.2043889156570224,FoVP,-0.23087442661616933,0.7146498765932755,2458796.945939824
009,0.7336898765885826,-0.5484432966450015,02:48:08.960,-31:25:24.550,2019-11-09T12:21:40.512,3,0.0027071763248039575,-1.2091756760193824,FoVF,-0.22637063562358867,0.7163793803876084,2458797.0199452746
009,0.7336898765885826,-0.5484432966450015,02:48:08.960,-31:25:24.550,2019-11-17T12:31:03.818,1,0.00687806168582515,-1.7778330235995745,FoVF,0.32816146817474395,0.7131401146141566,2458805.026226141
009,0.7336898765885826,-0.5484432966450015,02:48:08.960,-31:25:24.550,2019-11-17T16:44:43.980,3,3.398143283808495E-4,-1.789163144050307,FoVP,0.3390756653193486,0.7089140852126726,2458805.202379359
009,0.7336898765885826,-0.5484432966450015,02:48:08.960,-31:25:24.550,2019-11-17T18:31:18.173,6,-0.0024825219705102803,-1.793879105539093,FoVF,0.3436171366101044,0.7071052551369288,2458805.276383657
009,0.7336898765885826,-0.5484432966450015,02:48:08.960,-31:25:24.550,2019-12-28T13:13:19.565,3,8.100604955734341E-4,0.06675308793136224,FoVP,-0.6624132969039207,0.7088352725076791,2458846.0533899255
009,0.7336898765885826,-0.5484432966450015,02:48:08.960,-31:25:24.550,2019-12-28T14:59:53.784,1,0.006304186890471456,0.06592959863528566,FoVF,-0.6612955147283097,0.7101904455409659,2458846.127392079
